<?xml version="1.0" encoding="UTF-8"?>
<beans xmlns="http://www.springframework.org/schema/beans"
	xmlns:xsi="http://www.w3.org/2001/XMLSchema-instance" 
	xmlns:mvc="http://www.springframework.org/schema/mvc"
	xmlns:tx="http://www.springframework.org/schema/tx"
	xmlns:context="http://www.springframework.org/schema/context"
	xmlns:task="http://www.springframework.org/schema/task"
	xsi:schemaLocation="http://www.springframework.org/schema/beans 
		http://www.springframework.org/schema/beans/spring-beans.xsd
		http://www.springframework.org/schema/tx 
		http://www.springframework.org/schema/tx/spring-tx.xsd  
		http://www.springframework.org/schema/mvc 
		http://www.springframework.org/schema/mvc/spring-mvc.xsd	
		http://www.springframework.org/schema/context 
		http://www.springframework.org/schema/context/spring-context.xsd
		http://www.springframework.org/schema/task
		http://www.springframework.org/schema/task/spring-task-3.2.xsd">

	<mvc:annotation-driven />
	<mvc:default-servlet-handler />

	<context:component-scan base-package="com.itinerary.controller" />
	<context:component-scan base-package="com.itinerary.dto" />
	

	<!-- 对静态资源文件的访问 restful -->
	<mvc:resources mapping="/admin/**" location="/,/admin/" />
	<mvc:resources mapping="/static/**" location="/,/static/" />
	<mvc:resources mapping="/plugins/**" location="/,/plugins/" />
	<mvc:resources mapping="/uploadFiles/**" location="/,/uploadFiles/" />

	<!-- 定时器开关 -->
	<task:annotation-driven />

	<!-- 访问拦截 <mvc:interceptors> <mvc:interceptor> <mvc:mapping path="/**/**" 
		/> <bean class="com.hunme.interceptor.LoginHandlerInterceptor" /> </mvc:interceptor> 
		</mvc:interceptors> -->
	<!-- 配置SpringMVC的视图解析器 -->
	<bean
		class="org.springframework.web.servlet.view.InternalResourceViewResolver">
		<property name="prefix" value="/WEB-INF/jsp/" />
		<property name="suffix" value=".jsp" />
	</bean>

	<bean id="exceptionResolver" class="com.itinerary.resolver.MyExceptionResolver"></bean>
	<!-- 上传拦截，如最大上传值及最小上传值 -->
	<bean id="multipartResolver"
		class="org.springframework.web.multipart.commons.CommonsMultipartResolver">
		<property name="maxUploadSize">
			<value>1048576000</value>
		</property>
		<property name="maxInMemorySize">
			<value>409600</value>
		</property>
		<property name="defaultEncoding">
			<value>utf-8</value>
		</property>
	</bean>

</beans>
