<?xml version="1.0" encoding="UTF-8"?>
<beans xmlns="http://www.springframework.org/schema/beans"
	xmlns:xsi="http://www.w3.org/2001/XMLSchema-instance" 
	xmlns:aop="http://www.springframework.org/schema/aop"
	xmlns:context="http://www.springframework.org/schema/context" 
	xmlns:tx="http://www.springframework.org/schema/tx"
	xsi:schemaLocation="http://www.springframework.org/schema/beans 
						http://www.springframework.org/schema/beans/spring-beans.xsd
						http://www.springframework.org/schema/aop 
						http://www.springframework.org/schema/aop/spring-aop.xsd
						http://www.springframework.org/schema/context 
						http://www.springframework.org/schema/context/spring-context.xsd
						http://www.springframework.org/schema/tx 
						http://www.springframework.org/schema/tx/spring-tx.xsd
	">

	<!-- 启用注解 -->
	<context:annotation-config />

	<!-- 启动组件扫描，排除@Controller组件，该组件由SpringMVC配置文件扫描 -->
	<context:component-scan base-package="com.itinerary">
		<context:exclude-filter type="annotation"
			expression="org.springframework.stereotype.Controller" />
	</context:component-scan>

	<bean name="transactionManager"
		class="org.springframework.jdbc.datasource.DataSourceTransactionManager">
		<property name="dataSource" ref="dataSource"></property>
	</bean>

	<bean id="propertyConfigurer"
		class="org.springframework.beans.factory.config.PropertyPlaceholderConfigurer">
		<property name="locations">
			<list>
				<value>/WEB-INF/classes/dbconfig.properties</value>
			</list>
		</property>
	</bean>

	<!-- 阿里 druid数据库连接池 -->
	<bean id="dataSource" class="com.alibaba.druid.pool.DruidDataSource"
		destroy-method="close">
		<property name="url" value="${url}" />
		<property name="username" value="${username}" />
		<property name="password" value="${password}" />
		<property name="driverClassName" value="${driverClassName}" />
		<property name="filters" value="${filters}" />

		<property name="maxActive" value="${maxActive}" />

		<property name="initialSize" value="${initialSize}" />

		<property name="maxWait" value="${maxWait}" />

		<property name="minIdle" value="${minIdle}" />

		<property name="timeBetweenEvictionRunsMillis" value="${timeBetweenEvictionRunsMillis}" />

		<property name="minEvictableIdleTimeMillis" value="${minEvictableIdleTimeMillis}" />
		<property name="validationQuery" value="${validationQuery}" />
		<property name="testWhileIdle" value="${testWhileIdle}" />
		<property name="testOnBorrow" value="${testOnBorrow}" />
		<property name="testOnReturn" value="${testOnReturn}" />
		<property name="maxOpenPreparedStatements" value="${maxOpenPreparedStatements}" />

		<property name="removeAbandoned" value="${removeAbandoned}" />

		<property name="removeAbandonedTimeout" value="${removeAbandonedTimeout}" />

		<property name="logAbandoned" value="${logAbandoned}" />
	</bean>

	<tx:advice id="txAdvice" transaction-manager="transactionManager">
		<tx:attributes>
			<tx:method name="delete*" propagation="REQUIRED" read-only="false"
				rollback-for="java.lang.Exception" />
			<tx:method name="insert*" propagation="REQUIRED" read-only="false"
				rollback-for="java.lang.Exception" />
			<tx:method name="update*" propagation="REQUIRED" read-only="false"
				rollback-for="java.lang.Exception" />
			<tx:method name="save*" propagation="REQUIRED" read-only="false"
				rollback-for="java.lang.Exception" />
		</tx:attributes>
	</tx:advice>

	<aop:aspectj-autoproxy proxy-target-class="true" />

	<!-- 事物处理 -->
	<aop:config>
		<aop:pointcut id="pc" expression="execution(* com.itinerary.service..*(..))" />
		<aop:advisor pointcut-ref="pc" advice-ref="txAdvice" />
	</aop:config>

	<!-- 配置mybatis -->
	<bean id="sqlSessionFactory" class="org.mybatis.spring.SqlSessionFactoryBean">
		<property name="dataSource" ref="dataSource" />
		<property name="configLocation" value="classpath:mybatis/mybatis-config.xml"></property>
		<!-- mapper扫描 -->
		<property name="mapperLocations" value="classpath:mybatis/*/*.xml"></property>
	</bean>

	<bean id="sqlSessionTemplate" class="org.mybatis.spring.SqlSessionTemplate">
		<constructor-arg ref="sqlSessionFactory" />
	</bean>


	<!-- ================ Shiro start ================ -->
	<bean id="securityManager" class="org.apache.shiro.web.mgt.DefaultWebSecurityManager">
		<property name="realm" ref="ShiroRealm" />
	</bean> 

	<!-- 項目自定义的Realm -->
	<bean id="ShiroRealm" class="com.itinerary.interceptor.shiro.ShiroRealm"></bean>

	<!-- Shiro Filter -->
	 <bean id="shiroFilter" class="org.apache.shiro.spring.web.ShiroFilterFactoryBean">
		<property name="securityManager" ref="securityManager" />

		<property name="loginUrl" value="/" />

		<property name="successUrl" value="/main/index" />

		<property name="unauthorizedUrl" value="/login_toLogin" />

		<property name="filterChainDefinitions">
			<value>
				
			</value>
		</property>
	</bean> 
	<!-- ================ Shiro end ================ -->


</beans>
